,divine,love,nature,light,transformation,death,beauty
Barahona_acteon,0.002975557917109458,0.0061636556854410204,0.009564293304994687,0.0023379383634431457,0.0006376195536663124,0.0023379383634431457,0.0034006376195536664
