,divine,love,nature,light,transformation,death,beauty
Barahona_vertumno,0.003616636528028933,0.010488245931283906,0.010126582278481013,0.002531645569620253,0.0,0.0014466546112115732,0.006871609403254973
