,divine,love,nature,light,transformation,death,beauty
Bermudez_narciso,0.009230552423900789,0.0173337091319053,0.026211950394588502,0.005707440811724916,0.0,0.004086809470124014,0.011344419391206314
