,divine,love,nature,light,transformation,death,beauty
Bocangel_leandro,0.003326557013491037,0.014230271668822769,0.019220107189059324,0.0075771576418406945,0.00018480872297172427,0.004989835520236555,0.002772130844575864
