,divine,love,nature,light,transformation,death,beauty
Carrillo_acis,0.0012172854534388314,0.013390139987827145,0.017650639074863056,0.004869141813755326,0.0,0.002434570906877663,0.015216068167985392
