,divine,love,nature,light,transformation,death,beauty
Cetina_amorpsique,0.0080413555427915,0.01263641585295807,0.0080413555427915,0.002871912693854107,0.0,0.005169442848937392,0.007466973004020678
