,divine,love,nature,light,transformation,death,beauty
Espinosa_genil,0.011053315994798439,0.008452535760728219,0.016905071521456438,0.008452535760728219,0.0,0.0006501950585175553,0.0039011703511053317
