,divine,love,nature,light,transformation,death,beauty
Gongora_piramotisbe,0.003561887800534283,0.004452359750667854,0.008904719501335707,0.0017809439002671415,0.0,0.0026714158504007124,0.0013357079252003562
