,divine,love,nature,light,transformation,death,beauty
Gongora_polifemo,0.001850709438618137,0.004935225169648365,0.016039481801357187,0.0046267735965453425,0.0,0.0009253547193090684,0.004935225169648365
