,divine,love,nature,light,transformation,death,beauty
Jauregui_orfeo,0.0030742204655248135,0.010430390865173474,0.00834431269213878,0.004391743522178305,0.00032938076416337287,0.003403601229688186,0.0025252525252525255
