,divine,love,nature,light,transformation,death,beauty
Lope_rosa,0.010915044569765326,0.014189557940694925,0.01637256685464799,0.006912861560851373,0.0,0.0014553392759687103,0.007822448608331818
