,divine,love,nature,light,transformation,death,beauty
Lope_andromeda,0.0056508577194752775,0.009081735620585268,0.017154389505549948,0.0030272452068617556,0.00020181634712411706,0.0034308779011099897,0.007063572149344097
