,divine,love,nature,light,transformation,death,beauty
Lope_circe,0.002725316758307435,0.009036576619650969,0.017786277791059048,0.004542194597179058,0.00019125029882859193,0.0031078173559646186,0.003060004781257471
