,divine,love,nature,light,transformation,death,beauty
Lope_filomenaprimera,0.003669303978901502,0.012498566678133241,0.01708519665176012,0.0026373122348354546,0.00022933149868134388,0.001834651989450751,0.005733287467033597
