,divine,love,nature,light,transformation,death,beauty
Montalban_orfeo,0.006170230749725298,0.012932127461753021,0.012932127461753021,0.006677373003127377,0.0001690474178006931,0.0030428535204124756,0.004310709153917674
