,divine,love,nature,light,transformation,death,beauty
Polo_fabapolodafne,0.002216592780240659,0.00506649778340722,0.007599746675110829,0.0006333122229259025,0.0,0.0,0.006333122229259025
