,divine,love,nature,light,transformation,death,beauty
Polo_fabpansiringa,0.0070921985815602835,0.004728132387706856,0.008865248226950355,0.001182033096926714,0.0,0.000591016548463357,0.0035460992907801418
