,divine,love,nature,light,transformation,death,beauty
Quevedo_apolo,0.0057692307692307696,0.009615384615384616,0.03461538461538462,0.011538461538461539,0.0,0.0019230769230769232,0.011538461538461539
