,divine,love,nature,light,transformation,death,beauty
Soto_fragmentosadonis,0.0025664376190081962,0.010762480337776307,0.010514115406904546,0.0031459557910423048,0.0,0.002814802549879957,0.0063746998923751965
