,divine,love,nature,light,transformation,death,beauty
Soto_rayosfaeton,0.003135300265294638,0.004100008039231449,0.012541201061178552,0.009084331537904977,0.0,0.0011254924029262803,0.0033764772087788407
