,divine,love,nature,light,transformation,death,beauty
Villamediana_europa,0.006696428571428571,0.005952380952380952,0.018105158730158732,0.008680555555555556,0.0,0.001488095238095238,0.003472222222222222
