,divine,love,nature,light,transformation,death,beauty
Villamediana_fenix,0.005766621438263229,0.0037313432835820895,0.011194029850746268,0.013907734056987787,0.0,0.007801899592944369,0.00033921302578018993
