,divine,love,nature,light,transformation,death,beauty
Villamediana_apolodafne,0.009212584738397358,0.012341387102381366,0.01686076829480271,0.01686076829480271,0.0,0.0027811576568746743,0.004345558838866679
