,divine,love,nature,light,transformation,death,beauty
Villamediana_faeton,0.006658268850098974,0.005578549577109951,0.010437286305560555,0.014846140003599064,8.997660608241857e-05,0.005218643152780277,0.0030592046068022316
